Max_Weight_kg,Max_Volume_m,current_weight,current_volume,num_items_on_aircarft,item_weight,item_volume,weight_left,volume_left,weight_ratio,volume_ratio,label,DMV_FLAG
111000.0,704.6,112661.28710932416,699.354241839408,14,2.1,0.04158,-1661.2871093241556,5.245758160592004,-0.001264080115639013,0.007926402781195836,1,1
8000.0,50.0,2446.9014721619187,16.704344008808732,9,0.25,0.000704,5553.098527838081,33.29565599119127,4.5019910722223306e-05,2.114389874289764e-05,1,1
140000.0,858.0,116880.08649852435,196.04215296199294,12,11.5,0.02016,23119.913501475647,661.957847038007,0.0004974067052097145,3.0455111393803574e-05,1,1
47000.0,426.0,44166.67489607438,243.09284708050345,4,0.683,0.00378,2833.325103925621,182.90715291949655,0.0002410595236009564,2.066622282944549e-05,1,1
20500.0,150.0,7620.837943441422,61.840319985098226,4,0.15,0.000836,12879.162056558578,88.15968001490177,1.1646720441099454e-05,9.482792931824354e-06,1,1
9450.0,63.0,9492.364397787638,5.234371181499263,4,3.0,0.008349,-42.364397787638154,57.76562881850074,-0.0708141795347218,0.0001445323114494295,1,1
17120.0,114.1,5818.71870816809,52.22258039496897,4,2.175,0.01863,11301.28129183191,61.87741960503102,0.00019245605375556326,0.0003010791306075429,1,1
39000.0,265.0,23818.976703448192,285.8395446110809,10,0.4,0.006936,15181.023296551808,-20.839544611080896,2.634868494434803e-05,-0.0003328287859582472,1,1
24400.0,162.8,27148.791438822114,141.48398862521384,5,0.55,0.005632,-2748.7914388221143,21.31601137478617,-0.00020008793407613664,0.00026421452103592597,1,1
20400.0,136.0,3514.828020434964,46.82624693153738,9,9.0,0.048654,16885.171979565035,89.17375306846262,0.0005330120421846499,0.0005456089687852122,1,1
140000.0,858.0,86116.41394317945,45.9062955600394,14,0.1,0.001584,53883.58605682055,812.0937044399606,1.855852724662638e-06,1.9505138254234477e-06,1,1
45000.0,300.0,5597.61098909496,345.5106873165004,9,0.95,0.00646,39402.38901090504,-45.51068731650042,2.4110213208467304e-05,-0.0001419446842676563,1,1
35000.0,187.0,30628.966667842782,64.34550155278396,12,0.35,0.002816,4371.033332157218,122.65449844721604,8.007259915979486e-05,2.2958799006080133e-05,1,1
20500.0,150.0,1999.0145582660475,125.21151164503708,10,0.6,0.011466,18500.985441733952,24.788488354962922,3.243070494040322e-05,0.00046255339870900135,1,1
22640.0,150.9,14403.55773448966,162.83835034858885,10,0.25,0.000912,8236.44226551034,-11.938350348588841,3.0352911112666768e-05,-7.639247046391735e-05,1,1
20840.0,138.9,11295.327784338499,109.72306945080533,1,1.39,0.00495,9544.672215661501,29.17693054919468,0.00014563098328023973,0.00016965457768079202,1,1
70000.0,475.0,8140.290947911997,300.3014252905279,10,0.2,0.00414,61859.709052088,174.6985747094721,3.2331222222264254e-06,2.3697960805844913e-05,1,1
13040.0,86.9,15621.364845255168,28.68489036272346,6,0.2,0.000352,-2581.364845255168,58.21510963727654,-7.747839304664754e-05,6.046540084639226e-06,1,1
19530.0,130.17,22298.729773918243,79.8672426601786,9,2.15,0.01575,-2768.729773918243,50.30275733982138,-0.0007765293749609584,0.00031310410243510963,1,1
13040.0,86.9,12987.20518092643,3.327914239441594,13,0.34,0.002912,52.79481907356967,83.57208576055841,0.006440025735975792,3.4844170019867326e-05,1,1
140000.0,858.0,79768.66765919999,238.44723339656915,7,0.2,0.003,60231.332340800014,619.5527666034309,3.3205308968601675e-06,4.842202564286289e-06,1,1
23000.0,125.0,16661.793889649558,126.36677290220068,10,0.4,0.008,6338.206110350442,-1.3667729022006796,6.310933929454914e-05,-0.005853207830157296,1,1
24400.0,162.8,4096.298116943952,99.38599229391792,0,13.7,0.048,20303.70188305605,63.41400770608209,0.0006747537999835508,0.0007569305423108551,1,1
39000.0,265.0,39705.27674128903,101.30875995752706,10,0.4,0.00204,-705.2767412890316,163.69124004247294,-0.0005671532565161227,1.2462487222946044e-05,1,1
45000.0,300.0,39436.38282073823,343.67589766956814,9,0.26,0.00408,5563.617179261768,-43.675897669568144,4.673218727600647e-05,-9.34153689131425e-05,1,1
23020.0,153.9,16951.171192072397,166.49682034457524,2,0.85,0.002618,6068.828807927603,-12.596820344575235,0.0001400599731449996,-0.0002078302409828105,1,1
20840.0,138.9,15043.265379235525,166.3236861655905,1,1.1,0.007942,5796.734620764475,-27.423686165590482,0.00018976200771205387,-0.00028960367478128444,1,1
17120.0,114.1,2422.3755379632075,1.7681945853565595,14,20.85,0.12506,14697.624462036792,112.33180541464344,0.0014185965937853345,0.0011133089014733171,1,1
103000.0,550.0,50804.10955450042,259.06531400786884,12,0.98,0.03472,52195.89044549958,290.93468599213116,1.8775424494472284e-05,0.00011933949973087624,1,1
24400.0,162.8,29030.292477269184,119.69086608053746,13,3.25,0.016905,-4630.292477269184,43.10913391946255,-0.0007018995056266204,0.0003921442643556244,1,1
117000.0,625.0,34530.24102262543,43.68523985828324,1,11.88,0.081,82469.75897737457,581.3147601417168,0.00014405280368425964,0.00013933931393882718,1,1
24020.0,160.1,6280.46193713167,131.58671440561758,13,3.875,0.01875,17739.53806286833,28.51328559438241,0.00021843860793041458,0.0006575881716734142,1,1
39000.0,265.0,25546.737009449713,88.67078158554843,10,1.15,0.00616,13453.262990550287,176.3292184144516,8.54811208791719e-05,3.4934652466879456e-05,1,1
43500.0,390.0,12208.424970647306,37.52009045013544,9,1.9,0.0567,31291.575029352694,352.47990954986454,6.0719219091944334e-05,0.0001608602314712026,1,1
47000.0,426.0,49155.53231201557,328.88958139470964,2,0.6,0.01598,-2155.5323120155736,97.11041860529036,-0.000278353517102841,0.00016455494750152892,1,1
17120.0,114.1,15166.738524123062,15.37916849093652,6,0.9,0.006496,1953.2614758769378,98.72083150906347,0.00046076780331479554,6.58017141357029e-05,1,1
13040.0,86.9,5231.858854071523,52.949880522221676,6,2.2,0.029792,7808.141145928477,33.95011947777833,0.00028175720169523624,0.0008775226591463798,1,1
91190.0,607.9,45670.81159892185,455.18553501706714,3,3.0,0.01,45519.18840107815,152.71446498293284,6.590627173535099e-05,6.548168135635288e-05,1,1
23500.0,158.4,23265.889291447562,64.95181193831878,6,0.15,0.002646,234.11070855243815,93.44818806168122,0.0006407225038391577,2.831515545211354e-05,1,1
58000.0,438.0,34151.740721877824,391.3074268405523,2,2.6,0.02205,23848.259278122176,46.692573159447704,0.00010902263220008495,0.0004722378321808252,1,1
24400.0,162.8,7832.540350024957,21.191510357146754,0,0.275,0.0027,16567.459649975044,141.60848964285327,1.659880306295573e-05,1.9066653332317432e-05,1,1
9450.0,63.0,2374.127370703092,57.23316528650856,12,0.25,0.000532,7075.872629296908,5.766834713491441,3.533133128055046e-05,9.225163095168335e-05,1,1
31140.0,207.6,1014.5067558265727,181.4081790853651,12,0.3,0.000352,30125.493244173427,26.19182091463489,9.958343173287783e-06,1.3439309458778702e-05,1,1
117000.0,625.0,116604.47820451146,453.64929624952737,8,5.05,0.030132,395.52179548854474,171.35070375047263,0.012767943624938152,0.0001758498749326964,1,1
25900.0,172.5,4002.6961795067286,99.34312033197412,8,9.8,0.058621,21897.30382049327,73.15687966802588,0.0004475436829981243,0.0008013053517961303,1,1
22640.0,150.9,3662.769628310355,78.71864660455365,4,0.367,0.00336,18977.230371689646,72.18135339544635,1.9338965317518303e-05,4.654941747964721e-05,1,1
15000.0,90.0,3675.4267188147564,57.35135673952792,11,0.2,0.000352,11324.573281185243,32.64864326047208,1.76607095928834e-05,1.0781458402735842e-05,1,1
9450.0,63.0,11280.899510242387,65.63213567601461,6,0.5,0.02296,-1830.899510242387,-2.632135676014613,-0.00027308981048713944,-0.008722957912915143,0,1
9450.0,63.0,11016.96848967764,58.57160854782544,12,1.0,0.00256,-1566.9684896776398,4.428391452174559,-0.0006381749264427756,0.0005780878789870834,1,1
20500.0,136.7,19527.361445100913,126.65484050791302,14,2.55,0.099,972.6385548990875,10.045159492086967,0.00262173444033671,0.009855492112643381,1,1
26300.0,175.0,5268.108587183076,30.107558245140098,1,0.7,0.0048,21031.891412816924,144.8924417548599,3.328278880044684e-05,3.3128021784552324e-05,1,1
47000.0,426.0,35957.30842511335,309.7911862993074,13,0.15,0.00099,11042.691574886652,116.20881370069259,1.3583644799746752e-05,8.519147214003033e-06,1,1
47000.0,426.0,11278.724023668236,249.45492653631825,5,1.5,0.04,35721.275976331766,176.54507346368175,4.199178105932945e-05,0.00022657103361005217,1,1
31140.0,207.6,26695.544115458983,67.97447599174345,14,0.6,0.0081,4444.455884541017,139.62552400825655,0.0001349996524775862,5.8012315438176637e-05,1,1
26300.0,175.0,15302.899193904406,74.97261121386083,14,0.1,0.001235,10997.100806095594,100.02738878613917,9.093305749773396e-06,1.2346618287655591e-05,1,1
23640.0,157.6,5451.669011226312,110.82444289020044,7,0.6,0.00169,18188.330988773687,46.77555710979955,3.29881834862884e-05,3.612998044904017e-05,1,1
20500.0,150.0,11359.989822855312,151.72162875822775,4,0.481,0.00351,9140.010177144688,-1.7216287582277516,5.262576196579654e-05,-0.0020387682431498456,1,1
43500.0,390.0,18154.224531282674,124.0093865376481,12,3.85,0.043008,25345.775468717326,265.9906134623519,0.00015189908095729446,0.0001616899155894364,1,1
70000.0,475.0,75792.50480261057,58.58362010463957,8,11.4,0.043264,-5792.504802610565,416.4163798953604,-0.001968060517935231,0.0001038960088625131,1,1
23000.0,125.0,11773.872982041163,123.34904816012434,14,0.09,0.00056,11226.127017958837,1.6509518398756597,8.017012443205637e-06,0.0003391980597351139,1,1
23640.0,157.6,17541.967027686103,174.21370389608114,10,0.15,0.00168,6098.032972313897,-16.613703896081148,2.4598095919852733e-05,-0.00010112134606646178,1,1
25000.0,166.67,11579.587480590222,142.71344392289657,9,0.2,0.008,13420.412519409778,23.956556077103414,1.4902671560642401e-05,0.000333937801423312,1,1
22640.0,150.9,24767.045446169366,156.8913818613857,14,0.4,0.004617,-2127.045446169366,-5.99138186138569,-0.00018805428013229402,-0.0007706069947508189,0,1
39000.0,265.0,38941.53016446642,218.26776822863954,0,2.9,0.007104,58.46983553357859,46.73223177136046,0.04959822315108683,0.00015201499219514374,1,1
140000.0,858.0,74079.22533261722,809.4366284833152,3,0.29,0.002535,65920.77466738278,48.56337151668481,4.399220146590467e-06,5.2199834332532315e-05,1,1
43500.0,390.0,10375.370048195657,275.23298826826243,0,6.8,0.04233,33124.629951804345,114.76701173173757,0.00020528531215861353,0.00036883420586143826,1,1
58000.0,438.0,53722.15494670351,417.71404474005124,8,0.148,0.003825,4277.845053296493,20.285955259948764,3.459685849335633e-05,0.00018855408889704767,1,1
15000.0,90.0,2772.6365376166327,79.59564738937871,0,0.15,0.005304,12227.363462383368,10.404352610621288,1.2267566957439106e-05,0.0005097865949678421,1,1
24400.0,162.8,7144.369093669547,104.94410626362505,0,17.05,0.093744,17255.630906330454,57.855893736374966,0.0009880832576661628,0.0016203016205548642,1,1
22640.0,150.9,6547.980133175073,179.7352846537483,1,0.75,0.027,16092.019866824927,-28.83528465374829,4.6606952151456265e-05,-0.0009363528489684296,1,1
23000.0,125.0,19063.816301003582,33.75632583896998,0,0.5,0.008,3936.1836989964177,91.24367416103001,0.0001270265917722425,8.767731008074063e-05,1,1
23640.0,157.6,11567.887830977643,57.10022977501324,10,3.765,0.050336,12072.112169022357,100.49977022498675,0.00031187582976153106,0.0005008568615277128,1,1
23000.0,125.0,4528.498517406018,131.89010594549896,14,0.5,0.002964,18471.50148259398,-6.890105945498959,2.7068725325014323e-05,-0.0004301821268972496,1,1
24020.0,160.1,3073.206474564129,183.1175328304773,1,1.35,0.004576,20946.79352543587,-23.017532830477307,6.444900496566382e-05,-0.00019880498194602082,1,1
58000.0,438.0,2135.76593990705,151.80368179658703,13,0.3,0.0056,55864.23406009295,286.19631820341294,5.370162234246708e-06,1.956698819742619e-05,1,1
23020.0,153.9,20133.92438684719,37.68210973990211,13,1.25,0.125,2886.0756131528105,116.2178902600979,0.00043311408539340357,0.00107556589303662,1,1
70000.0,475.0,3692.237017905912,507.70546662421935,5,13.7,0.1375,66307.7629820941,-32.705466624219355,0.00020661230878039075,-0.004204190259201729,1,1
20500.0,150.0,21800.314910062556,169.99709539326807,0,5.2,0.01638,-1300.314910062556,-19.99709539326807,-0.003999031283697938,-0.0008191190018843064,0,1
103000.0,550.0,52123.93862637813,528.9066376598378,0,1.6,0.009261,50876.06137362187,21.09336234016223,3.144897534851462e-05,0.0004390480479880063,1,1
26300.0,175.0,23687.234909639363,13.058593863377544,3,0.15,0.00088,2612.7650903606373,161.94140613662245,5.7410442483325284e-05,5.4340641813590325e-06,1,1
111000.0,704.6,59820.53377773559,495.36241431620135,3,0.167,0.00272,51179.46622226441,209.23758568379867,3.263027388200614e-06,1.2999576429403593e-05,1,1
31140.0,207.6,9586.117363792511,220.00214406652137,14,1.7,0.0495,21553.88263620749,-12.402144066521373,7.887210061473411e-05,-0.003991245685080139,1,1
19530.0,130.17,18369.158517336895,146.7030357281452,5,0.1,0.002175,1160.8414826631051,-16.533035728145222,8.614440593942592e-05,-0.0001315547953393796,1,1
19530.0,130.17,21395.272746460585,90.01835612394117,4,2.8,0.009196,-1865.272746460585,40.15164387605881,-0.0015011209523187485,0.0002290317128572556,1,1
70000.0,475.0,65381.31940894825,26.32890052161726,5,0.8,0.012,4618.6805910517505,448.67109947838276,0.0001732096394318138,2.6745649512984773e-05,1,1
24020.0,160.1,18278.967861150562,139.9026597251968,8,3.75,0.0225,5741.032138849438,20.197340274803196,0.000653192650494088,0.0011140080119391477,1,1
24400.0,162.8,11010.45200964772,49.92113559790094,13,2.2,0.024576,13389.54799035228,112.87886440209907,0.00016430726424976284,0.00021772011892974777,1,1
47000.0,426.0,40029.95255709864,441.7719022644035,12,0.65,0.00224,6970.047442901363,-15.77190226440348,9.325618013816184e-05,-0.00014202472881665737,1,1
24400.0,162.8,10115.933562947857,97.846546982871,5,3.1,0.051744,14284.066437052143,64.95345301712901,0.0002170250336936079,0.0007966320002990832,1,1
23500.0,158.4,20027.185175197246,145.77561665322327,5,0.383,0.005236,3472.8148248027537,12.624383346776739,0.00011028517764734783,0.0004147528985313931,1,1
8000.0,50.0,5337.527149002475,41.34085244954412,3,0.283,0.0296,2662.472850997525,8.659147550455877,0.00010629216361311582,0.0034183499483262307,1,1
140000.0,858.0,92021.49381781496,286.371261140662,7,0.4,0.004374,47978.50618218504,571.628738859338,8.33706657045082e-06,7.65181960773407e-06,1,1
20500.0,150.0,3450.575970124673,33.018140269575575,9,0.15,0.00095,17049.42402987533,116.98185973042442,8.797951164119114e-06,8.120917158166949e-06,1,1
9450.0,63.0,1491.61081793621,7.531387695447418,14,0.55,0.00176,7958.38918206379,55.46861230455258,6.91094626498604e-05,3.1729655658356764e-05,1,1
23000.0,125.0,6755.6668831979505,19.691568168428624,12,8.3,0.0495,16244.333116802049,105.30843183157137,0.0005109474140803041,0.0004700478268361425,1,1
18000.0,90.0,21342.121323689153,20.22541112401613,11,0.3,0.002058,-3342.1213236891526,69.77458887598387,-8.976334819545469e-05,2.9494978095290178e-05,1,1
9450.0,63.0,10556.713173591617,66.79911284794281,11,0.1,0.003072,-1106.7131735916173,-3.7991128479428085,-9.03576486451567e-05,-0.0008086100443879972,0,1
58000.0,438.0,51803.11497439998,114.29045798297905,7,1.25,0.01056,6196.885025600022,323.70954201702096,0.0002017142475024785,3.2621837161732194e-05,1,1
43500.0,390.0,18268.06105054777,147.4650783852057,9,2.6,0.032856,25231.93894945223,242.5349216147943,0.00010304400328114303,0.0001354691507753854,1,1
23500.0,158.4,10493.158845132568,25.20196019653906,6,7.3,0.024885,13006.841154867432,133.19803980346094,0.0005612431114150221,0.00018682707230445542,1,1
58000.0,438.0,24429.235509526497,368.8705960227738,10,1.5,0.024,33570.764490473506,69.12940397722622,4.468173491792177e-05,0.0003471749830322782,1,1
22640.0,150.9,132.33762705619012,24.797119825971503,13,5.775,0.015625,22507.66237294381,126.1028801740285,0.00025657928860197755,0.00012390676449681345,1,1
70000.0,475.0,12199.010878466464,141.93296929179505,5,1.225,0.0051,57800.98912153354,333.0670307082049,2.119340894674132e-05,1.5312233017610803e-05,1,1
13040.0,86.9,9452.72255985222,94.32337232723677,1,0.15,0.000504,3587.27744014778,-7.423372327236763,4.1814440745348716e-05,-6.789368034854945e-05,1,1
13040.0,86.9,2737.451140318667,66.9932414543463,12,1.9,0.00224,10302.548859681334,19.9067585456537,0.00018442038234355417,0.00011252459220511684,1,1
47000.0,426.0,23713.447039248484,154.018979800393,12,1.35,0.00675,23286.552960751516,271.981020199607,5.797337210953436e-05,2.4817908140164576e-05,1,1
24400.0,162.8,18192.78406346077,129.30322480311472,0,0.2,0.00306,6207.215936539229,33.496775196885295,3.222056426142111e-05,9.135207465978576e-05,1,1
43500.0,390.0,40071.08456070654,336.42968379660954,3,0.8,0.00672,3428.915439293458,53.57031620339046,0.00023330992377331225,0.00012544260237411274,1,1
22640.0,150.9,7372.94598522237,162.66478482887393,9,0.05,0.00088,15267.05401477763,-11.764784828873928,3.2750260756481147e-06,-7.479950441930301e-05,1,1
9450.0,63.0,474.830215066515,69.34197096907026,4,9.45,0.056604,8975.169784933485,-6.34197096907026,0.0010529048725975859,-0.00892530243379538,1,1
17120.0,114.1,2870.1838129749676,11.125063687905685,0,1.3,0.01428,14249.816187025033,102.97493631209431,9.12292469493373e-05,0.00013867451996324573,1,1
24400.0,162.8,22702.98379596381,68.72080953502613,8,0.102,0.002688,1697.0162040361902,94.07919046497388,6.010549557352327e-05,2.8571674119890316e-05,1,1
9450.0,63.0,3677.7731998512727,13.952416051941,0,1.5,0.004995,5772.226800148727,49.047583948059,0.00025986504890997803,0.00010183987662776192,1,1
117000.0,625.0,41585.169436688804,301.8366409529633,6,0.25,0.00234,75414.8305633112,323.1633590470367,3.3149978343690438e-06,7.240919885408455e-06,1,1
39000.0,265.0,10369.446602714881,91.41702906206983,8,0.683,0.006384,28630.55339728512,173.58297093793016,2.385563389218001e-05,3.677780100621156e-05,1,1
140000.0,858.0,108927.16331666404,713.0261570685508,13,0.6,0.02304,31072.83668333596,144.9738429314492,1.9309469749907458e-05,0.00015892521971683698,1,1
20500.0,136.7,6358.148199986157,53.09334035103989,10,0.4,0.002,14141.851800013843,83.60665964896009,2.828483890428859e-05,2.3921539079253686e-05,1,1
140000.0,858.0,46525.3178738289,141.09217205452154,3,5.7,0.034,93474.6821261711,716.9078279454784,6.097907872257029e-05,4.742590138820445e-05,1,1
24400.0,162.8,683.6328412005317,95.30276697614737,5,2.7,0.045756,23716.36715879947,67.49723302385264,0.00011384542926863803,0.0006778944450350428,1,1
43500.0,390.0,3434.949608640338,174.3121830535017,3,0.9,0.006045,40065.05039135966,215.6878169464983,2.2463468563903977e-05,2.8026617625198806e-05,1,1
39000.0,265.0,21576.38277441145,306.0757632186108,3,1.3,0.031713,17423.61722558855,-41.0757632186108,7.461137277603825e-05,-0.0007720611447505001,1,1
20500.0,150.0,15113.675186975966,36.86474923782646,8,0.3,0.023625,5386.324813024034,113.13525076217354,5.569660396619768e-05,0.00020882085496802647,1,1
20500.0,136.7,6784.79006557022,4.278179333210617,5,0.35,0.0048,13715.20993442978,132.42182066678936,2.551911357155849e-05,3.624780220950406e-05,1,1
43500.0,390.0,36894.79639545868,196.56233580276862,14,2.5,0.032736,6605.203604541319,193.43766419723138,0.00037848946819787194,0.0001692328118550334,1,1
58000.0,438.0,28203.931399784455,185.79595542233844,2,0.15,0.00132,29796.068600215545,252.20404457766156,5.034221192317991e-06,5.23385735933221e-06,1,1
24400.0,162.8,9206.130210569858,92.09687296652459,3,0.1,0.000627,15193.869789430142,70.70312703347543,6.58160174987053e-06,8.86806591786346e-06,1,1
25900.0,172.5,25746.83762291256,167.5371246399543,6,0.15,0.002688,153.16237708743938,4.9628753600457,0.0009793527749638751,0.0005416213915059628,1,1
17120.0,114.1,14045.880762591301,82.0190949779097,13,2.4,0.02205,3074.1192374086986,32.08090502209029,0.0007807114213443286,0.0006873247278246069,1,1
20500.0,150.0,16815.045977392223,140.68881167182323,3,0.15,0.000352,3684.954022607777,9.311188328176769,4.070607096832692e-05,3.780397837414884e-05,1,1
117000.0,625.0,50678.31515080103,671.5672499715877,14,0.2,0.01,66321.68484919897,-46.56724997158767,3.0156049330130976e-06,-0.00021474319872538217,1,1
43500.0,390.0,16501.560699113143,399.4213941433935,1,0.275,0.002646,26998.439300886857,-9.421394143393513,1.018577395993334e-05,-0.0002808501842273117,1,1
9450.0,63.0,2871.2786357348764,15.504813620208422,4,2.35,0.01575,6578.721364265124,47.495186379791576,0.0003572122711272929,0.0003316125457945107,1,1
58000.0,438.0,8013.9024590031495,514.481093091564,1,0.2,0.0013,49986.09754099685,-76.48109309156405,4.001112505971603e-06,-1.6997665232651554e-05,1,1
23500.0,158.4,6438.743745252674,142.5197405472951,0,0.9,0.007616,17061.256254747328,15.880259452704905,5.2751097956038385e-05,0.00047958911144324194,1,1
58000.0,438.0,26212.193648889384,259.1272235912928,3,0.45,0.005632,31787.806351110616,178.87277640870718,1.4156371629277947e-05,3.148606558018283e-05,1,1
91190.0,607.9,104493.54220391207,157.751288222421,7,20.1,0.023625,-13303.542203912075,450.14871177757897,-0.0015108758023558732,5.2482655907700545e-05,1,1
23500.0,158.4,2489.5959284137375,21.091936931595153,14,8.05,0.048048,21010.40407158626,137.30806306840486,0.00038314351176631565,0.00034992846433304305,1,1
39000.0,265.0,8205.294649910189,85.59898470934814,8,1.925,0.010989,30794.70535008981,179.40101529065186,6.251074585884534e-05,6.125383360257258e-05,1,1
117000.0,625.0,92354.76329810797,534.0480624914337,7,0.6,0.012,24645.236701892034,90.95193750856629,2.4345475242669997e-05,0.00013193781459501034,1,1
140000.0,858.0,15889.282924147014,636.6862468854735,1,7.2,0.012,124110.71707585298,221.31375311452655,5.8012717753790355e-05,5.422166393594399e-05,1,1
39000.0,265.0,29299.622891121948,127.45563833785363,7,4.1,0.040068,9700.377108878052,137.54436166214637,0.00042266398033380604,0.0002913096489342862,1,1
39000.0,265.0,24992.74782226958,160.49502966653827,0,27.05,0.162,14007.252177730421,104.50497033346173,0.0019311425006736573,0.0015501654890950512,1,1
35000.0,187.0,16936.23999791281,4.241101486137105,1,0.05,0.00364,18063.76000208719,182.7588985138629,2.767973001825464e-06,1.9916950745941065e-05,1,1
58000.0,438.0,43799.51011322234,441.4133353169665,7,1.044,0.011638,14200.489886777657,-3.4133353169664815,7.3518590432473e-05,-0.003409569329951539,1,1
23000.0,125.0,18155.35593265847,125.73813438274316,0,1.1,0.010353,4844.644067341531,-0.738134382743155,0.0002270548639864401,-0.014025920303895111,1,1
17120.0,114.1,4738.889377200638,112.20407507725542,6,1.15,0.04807,12381.110622799362,1.8959249227445696,9.288342822730568e-05,0.025354366129670923,1,1
58000.0,438.0,20204.798261935623,400.8898493251671,6,0.6,0.01734,37795.20173806438,37.11015067483288,1.5875031019608282e-05,0.0004672575890267657,1,1
13040.0,86.9,7193.939350335558,96.84948059180336,9,0.117,0.000792,5846.060649664442,-9.94948059180335,2.0013476936251458e-05,-7.9602153327946e-05,1,1
20500.0,136.7,23646.015143361277,74.74407751672919,6,19.7,0.0972,-3146.0151433612773,61.9559224832708,-0.0062618897584879206,0.0015688572542421344,1,1
23500.0,158.4,18784.912860637225,21.014200896118737,5,0.2,0.00132,4715.087139362775,137.38579910388125,4.24170315513219e-05,9.60797985673855e-06,1,1
19530.0,130.17,10212.41507049961,134.46144176518754,4,0.25,0.000855,9317.58492950039,-4.291441765187557,2.683098698479736e-05,-0.00019923378808716526,1,1
22640.0,150.9,14141.290685545719,173.49237649482956,0,0.57,0.009261,8498.709314454281,-22.59237649482955,6.706900763901838e-05,-0.0004099170537475997,1,1
43500.0,390.0,31537.10309904421,138.24745679106826,9,0.7,0.003248,11962.896900955791,251.75254320893174,5.851425501172365e-05,1.2901557798377024e-05,1,1
140000.0,858.0,97617.69656902962,956.6193661468074,2,0.15,0.002023,42382.30343097038,-98.61936614680735,3.5392130170737724e-06,-2.0513212562142433e-05,1,1
47000.0,426.0,2857.780186600106,180.6523593452957,8,0.5,0.0016,44142.2198133999,245.3476406547043,1.1327024379433043e-05,6.521358791994412e-06,1,1
20840.0,138.9,12986.234478922524,73.1581791968221,13,0.25,0.002592,7853.765521077476,65.7418208031779,3.183186451100848e-05,3.9426957283905165e-05,1,1
23500.0,158.4,15239.81195956472,166.97254967797727,13,0.25,0.002431,8260.18804043528,-8.572549677977264,3.0265654818744335e-05,-0.00028357960873937044,1,1
20500.0,136.7,21476.304116741645,87.67084201132869,1,0.114,0.003264,-976.304116741645,49.0291579886713,-0.00011676689482498025,6.657262876473532e-05,1,1
17120.0,114.1,3761.4975964131945,59.23933778013966,4,7.15,0.042875,13358.502403586805,54.86066221986034,0.0005352396386547762,0.0007815253677880921,1,1
23640.0,157.6,2807.1444391944797,143.7671624508124,0,0.53,0.037185,20832.85556080552,13.832837549187587,2.5440583429747856e-05,0.0026881684382981472,1,1
23500.0,158.4,18775.62780931133,156.238712641749,4,0.1,0.001936,4724.372190688671,2.161287358251002,2.1166833590275657e-05,0.000895762008160117,1,1
58000.0,438.0,28518.126193835265,125.25247281457386,2,0.55,0.03456,29481.873806164735,312.7475271854261,1.8655530635448894e-05,0.00011050447049259998,1,1
9450.0,63.0,7396.36141879268,39.51877951698539,2,19.1,0.08775,2053.6385812073204,23.48122048301461,0.009300565428348485,0.0037370287599167223,1,1
24400.0,162.8,5709.447369267715,84.31454609016176,1,0.55,0.00256,18690.552630732287,78.48545390983826,2.9426631241829934e-05,3.261750859367321e-05,1,1
22640.0,150.9,23343.48370354,26.462685047457484,0,1.2,0.0075,-703.4837035400014,124.43731495254252,-0.0017057964465520303,6.027130963561063e-05,1,1
23000.0,125.0,27559.409098280696,127.59482546254263,3,0.55,0.0036,-4559.409098280696,-2.59482546254263,-0.00012062966675397232,-0.0013873770854127116,0,1
13040.0,86.9,14209.589055923558,32.45311916019214,7,0.6,0.03,-1169.5890559235577,54.44688083980787,-0.0005130006966756499,0.0005509957409180049,1,1
45000.0,300.0,50243.01693740695,88.31916376661093,6,1.6,0.006776,-5243.016937406952,211.68083623338907,-0.00030516781071023637,3.201045540333492e-05,1,1
23500.0,158.4,1987.1313587125892,124.0682433771154,8,0.3,0.00064,21512.868641287412,34.33175662288461,1.3945141626082169e-05,1.8641632247030476e-05,1,1
17120.0,114.1,3856.061369243892,74.18882833384717,8,0.35,0.00132,13263.938630756107,39.911171666152825,2.6387335595932337e-05,3.3073445649955625e-05,1,1
8000.0,50.0,1092.7295658184526,56.90692166930618,10,0.15,0.002431,6907.270434181548,-6.906921669306179,2.1716248322345793e-05,-0.00035196582042749903,1,1
13040.0,86.9,9058.502869834952,21.034514815368833,11,1.45,0.007514,3981.4971301650476,65.86548518463117,0.0003641846150409526,0.00011408099196196766,1,1
24400.0,162.8,27912.642062346647,102.82184708422142,6,0.3,0.005967,-3512.6420623466474,59.978152915778594,-8.540579847324053e-05,9.948622307346888e-05,1,1
15000.0,90.0,17441.53545718368,98.5222016323805,10,1.0,0.003,-2441.5354571836797,-8.5222016323805,-0.00040957832394663727,-0.0003520217522926366,0,1
20500.0,136.7,20316.4282992626,50.46707750953381,11,0.6,0.0132,183.57170073740053,86.23292249046618,0.0032684776265695923,0.00015307378511247364,1,1
47000.0,426.0,32288.622050252332,139.43427033767148,14,0.7,0.002565,14711.377949747668,286.5657296623285,4.7582218493980314e-05,8.950826025399521e-06,1,1
25900.0,172.5,27352.68289420587,199.07077766195255,11,0.286,0.002772,-1452.682894205871,-26.570777661952548,-0.0001968771032808388,-0.00010432514018189412,0,1
24020.0,160.1,23341.04221561068,3.6923105117751045,7,0.2,0.000627,678.9577843893203,156.4076894882249,0.00029456912388937153,4.00875428850606e-06,1,1
24400.0,162.8,16249.657988125227,84.13899866063106,9,0.2,0.001638,8150.342011874773,78.66100133936895,2.4538847533522877e-05,2.0823533279338844e-05,1,1
17120.0,114.1,903.8710840751819,4.701497917780403,2,0.08,0.002142,16216.128915924819,109.3985020822196,4.9333598918607375e-06,1.9579792589942086e-05,1,1
140000.0,858.0,21741.46984637442,665.9736328881363,9,4.65,0.020539,118258.53015362559,192.0263671118637,3.932063077327297e-05,0.00010695926919804651,1,1
47000.0,426.0,614.5377810458742,271.01472267875124,3,0.833,0.004508,46385.462218954126,154.98527732124876,1.795821277041537e-05,2.9086633574680268e-05,1,1
24400.0,162.8,25626.88970413159,4.57904831108203,0,0.3,0.004096,-1226.8897041315904,158.22095168891798,-0.0002445207578433996,2.5887848166691575e-05,1,1
26300.0,175.0,12478.589681259818,202.21129335229213,0,0.611,0.009724,13821.410318740182,-27.21129335229213,4.420677672287539e-05,-0.0003573516418885156,1,1
15000.0,90.0,1988.274114994537,28.09686692989547,5,0.425,0.002496,13011.725885005462,61.90313307010453,3.2662846091547423e-05,4.032106027415851e-05,1,1
23020.0,153.9,7704.935083411089,40.07089183932036,0,0.3,0.00088,15315.064916588912,113.82910816067965,1.958855555717943e-05,7.7308871736649e-06,1,1
13040.0,86.9,4800.253032115231,44.319764623137,12,0.55,0.008,8239.74696788477,42.58023537686301,6.67496225402224e-05,0.00018788059157762196,1,1
25900.0,172.5,21816.80893345495,29.042172125158633,13,4.8,0.04,4083.1910665450487,143.45782787484137,0.0011755511609908378,0.000278827585177646,1,1
26300.0,175.0,30414.19713773455,203.39841607438862,2,0.2,0.00176,-4114.197137734551,-28.39841607438862,-4.861215769518049e-05,-6.19752896557693e-05,0,1
25900.0,172.5,5172.118199560078,142.09003834195508,0,6.7,0.04,20727.88180043992,30.40996165804492,0.0003232361156910189,0.0013153584057235942,1,1
70000.0,475.0,27002.05180919218,187.04013224636623,12,1.15,0.00576,42997.948190807816,287.9598677536338,2.674546224554742e-05,2.0002787280501268e-05,1,1
39000.0,265.0,32387.54265171817,228.7457121182623,8,1.533,0.024272,6612.4573482818305,36.254287881737696,0.0002318351437331383,0.0006694932033883166,1,1
24400.0,162.8,8716.412437224986,5.628209790071502,12,0.481,0.005586,15683.587562775014,157.1717902099285,3.0669003379748664e-05,3.5540728759265636e-05,1,1
43500.0,390.0,44561.915765421356,438.0114944867455,1,0.325,0.002352,-1061.915765421356,-48.011494486745505,-0.0003060506406335294,-4.8988269874364866e-05,0,1
9450.0,63.0,2872.6321123087228,26.031691578106262,13,0.5,0.021,6577.367887691277,36.96830842189374,7.601825053144272e-05,0.0005680541071094578,1,1
18000.0,90.0,20292.661613273463,57.67657184671972,5,0.8,0.00216,-2292.6616132734634,32.32342815328028,-0.00034893941422375847,6.682459307634434e-05,1,1
35000.0,187.0,37272.46373977946,9.91459021445267,0,0.9,0.020412,-2272.4637397794577,177.08540978554734,-0.0003960459234801215,0.00011526641245855757,1,1
24400.0,162.8,8729.857995150322,126.02189432559724,7,0.2,0.000352,15670.142004849678,36.77810567440277,1.2763126200473475e-05,9.570911388023921e-06,1,1
20400.0,136.0,24037.503153610243,77.55838225230771,13,0.1,0.000816,-3637.5031536102433,58.44161774769229,-2.749138510800762e-05,1.3962652258536588e-05,1,1
39000.0,265.0,14755.039828439352,203.55518028040447,8,0.3,0.0076,24244.960171560648,61.44481971959553,1.23737056223143e-05,0.000123688211813372,1,1
